,Tweet Content,User Name,Tweet Id,HashTags,CreatedAt,Retweet Count,Favourite Count,Image URL,Embedded URL
0,"If there is communication, one will appreciate intent &amp; tech to deep learn meaning of thought #Bitcoin 
 https://t.co/aDZAmp41Im
 #MachineLearning #AI #100DaysOfCode #Python #DEVCommunity #IoT #flutter #javascript #Serverless  #WomenWhoCode #CyberSecurity #RStats #DataScience #IP",Iamdataqueen,1362187561137938442,"['Bitcoin', 'MachineLearning', 'AI', '100DaysOfCode', 'Python', 'DEVCommunity', 'IoT', 'flutter', 'javascript', 'Serverless', 'WomenWhoCode', 'CyberSecurity', 'RStats', 'DataScience', 'IP']",2021-02-17 23:49:57+08:00,65,24,no images,['https://t.co/aDZAmp41Im']
1,"Programming Machine Learning: From Coding to Deep Learning

Llink - https://t.co/hqvc11mJPI

#MachineLearning #ML #100DaysOfCode #CodeNewbies #WomenWhoCode #DEVCommunity #Robotics #DataScience #SoftwareEngineering #AI #ArtificialIntelligence #programming",rasangarocks,1362910623693111297,"['MachineLearning', 'ML', '100DaysOfCode', 'CodeNewbies', 'WomenWhoCode', 'DEVCommunity', 'Robotics', 'DataScience', 'SoftwareEngineering', 'AI', 'ArtificialIntelligence', 'programming']",2021-02-19 23:43:09+08:00,61,38,no images,['https://t.co/hqvc11mJPI']
2,"These robots were built to organize parts on a conveyor belt at high speed. 
CC CurieuxExplorer #Robotics  #AI #ArtificialIntelligence #Automation #100DaysOfCode #MachineLearning #CodeNewbie #100DaysOfMLCode #WomenWhoCode #VegaLMS
üìΩ via Rainmaker1973 https://t.co/4wqUPw9vaT",techlazy_msft,1363637688650375168,"['Robotics', 'AI', 'ArtificialIntelligence', 'Automation', '100DaysOfCode', 'MachineLearning', 'CodeNewbie', '100DaysOfMLCode', 'WomenWhoCode', 'VegaLMS']",2021-02-21 23:52:14+08:00,55,43,['http://pbs.twimg.com/ext_tw_video_thumb/1362626769652695042/pu/img/jR5Pp94jv-H-tGz9.jpg'],['https://t.co/4wqUPw9vaT']
3,"Day 13 of #100DaysOfCode  started first project with SpaCy NLP. My lesson learn for today, the simplest mistakes are the most difficult ones to spot on. 

#python #DataScience #NLP #MachineLearning #AI #womenintech #WomenWhoCode",AnnaKondratiuk_,1362552250539900930,"['100DaysOfCode', 'python', 'DataScience', 'NLP', 'MachineLearning', 'AI', 'womenintech', 'WomenWhoCode']",2021-02-18 23:59:06+08:00,48,39,no images,[]
4,"What is Artificial Intelligence? How Does AI Work? - Business 2 Community

Read more here: https://t.co/Ni6CUPn7QJ

#ArtificialIntelligence #AI #DataScience #100DaysOfCode #Python #MachineLearning #BigData #DeepLearning #NLP #Robots #IoT",IainLJBrown,1363637924361875456,"['ArtificialIntelligence', 'AI', 'DataScience', '100DaysOfCode', 'Python', 'MachineLearning', 'BigData', 'DeepLearning', 'NLP', 'Robots', 'IoT']",2021-02-21 23:53:10+08:00,39,1,no images,['https://t.co/Ni6CUPn7QJ']
5,"A #MachineLearning Approach to Galaxy Properties: Redshift Mass Distributions. #BigData #Analytics #DataScience #AI #IoT #IIoT #Python #RStats #Java #JavaScript #ReactJS #CloudComputing #Serverless #DataScientist #Linux #Programming #Coding #100DaysofCode 
https://t.co/zTgJl4YHtY https://t.co/bhb1LC59Fv",gp_pulipaka,1364000540418572288,"['MachineLearning', 'BigData', 'Analytics', 'DataScience', 'AI', 'IoT', 'IIoT', 'Python', 'RStats', 'Java', 'JavaScript', 'ReactJS', 'CloudComputing', 'Serverless', 'DataScientist', 'Linux', 'Programming', 'Coding', '100DaysofCode']",2021-02-22 23:54:05+08:00,32,24,"['http://pbs.twimg.com/media/Eu3nQXyWQAMqVUN.jpg', 'http://pbs.twimg.com/media/Eu3nQtBVkAMPwPm.png', 'http://pbs.twimg.com/media/Eu3nQXIXAAIz4GA.jpg', 'http://pbs.twimg.com/media/Eu3nQXfXYAIQutS.jpg']","['https://t.co/zTgJl4YHtY', 'https://t.co/bhb1LC59Fv']"
6,"Fast flying from France to UK. #DEVCommunity #Programming #IoT #IoTPL #AI
#100DaysOfCode #MachineLearning #Airdrop
#CloudComputing #Analytics #Serverless  
#cybersecurity #ArtificialIntelligence  #DataScience #5G    #innovation #drones #Emergency #robotics #SocialMedia https://t.co/ra237JfHi5",Innovat78455398,1362189907872018432,"['DEVCommunity', 'Programming', 'IoT', 'IoTPL', 'AI', '100DaysOfCode', 'MachineLearning', 'Airdrop', 'CloudComputing', 'Analytics', 'Serverless', 'cybersecurity', 'ArtificialIntelligence', 'DataScience', '5G', 'innovation', 'drones', 'Emergency', 'robotics', 'SocialMedia']",2021-02-17 23:59:16+08:00,31,13,no images,['https://t.co/ra237JfHi5']
7,"Generate and visualize data in Python and MATLAB | Course 

-&gt; https://t.co/LD8f2NcNfc

#datascience #MachineLearning #rstats #iiot  #iot #javascript #ai #FinancialAnalysis #python #TensorFlow #ETL #100DaysOfCode #womenintech #javascript30 #udemy #coupons #free",CouseSites,1363635816463962114,"['datascience', 'MachineLearning', 'rstats', 'iiot', 'iot', 'javascript', 'ai', 'FinancialAnalysis', 'python', 'TensorFlow', 'ETL', '100DaysOfCode', 'womenintech', 'javascript30', 'udemy', 'coupons', 'free']",2021-02-21 23:44:48+08:00,24,10,no images,['https://t.co/LD8f2NcNfc']
8,"THE COMPLETE SELF-DRIVING CAR COURSE - APPLIED #DEEPLEARNING

=&gt; https://t.co/IVaibFTlUN

#DataScience #DeepLearning #MachineLearning #TensorFlow #Python #ArtificialIntelligence #DataAnalysis #NeuralNetworks #womenintech #javascript30 #100DaysOfCode #udemy #free #udemycoupons",99coupon1,1363637031524425728,"['DEEPLEARNING', 'DataScience', 'DeepLearning', 'MachineLearning', 'TensorFlow', 'Python', 'ArtificialIntelligence', 'DataAnalysis', 'NeuralNetworks', 'womenintech', 'javascript30', '100DaysOfCode', 'udemy', 'free', 'udemycoupons']",2021-02-21 23:49:38+08:00,21,7,no images,['https://t.co/IVaibFTlUN']
9,The future of work after Covid: https://t.co/ICzb5kkpJV #innovation #futureofwork #COVID #technology #MachineLearning #DigitalTransformation #ArtificialIntelligence #AI #technews,victheman883,1363637470751956994,"['innovation', 'futureofwork', 'COVID', 'technology', 'MachineLearning', 'DigitalTransformation', 'ArtificialIntelligence', 'AI', 'technews']",2021-02-21 23:51:22+08:00,16,13,no images,['https://t.co/ICzb5kkpJV']
10,"Laser weapon with amazing accuracy. #DEVCommunity #Programming #IoT #IoTPL #AI
#100DaysOfCode #MachineLearning #Airdrop
#CloudComputing #Analytics #Serverless  
#cybersecurity #ArtificialIntelligence  #DataScience #5G    #innovation #drones #Emergency #robotics #SocialMedia https://t.co/OEPrhCLbIJ",Innovat78455398,1364000631824945156,"['DEVCommunity', 'Programming', 'IoT', 'IoTPL', 'AI', '100DaysOfCode', 'MachineLearning', 'Airdrop', 'CloudComputing', 'Analytics', 'Serverless', 'cybersecurity', 'ArtificialIntelligence', 'DataScience', '5G', 'innovation', 'drones', 'Emergency', 'robotics', 'SocialMedia']",2021-02-22 23:54:27+08:00,15,7,no images,['https://t.co/OEPrhCLbIJ']
11,"This chair helps you at #outdoor #concert. #DEVCommunity #Programming #IoT  #AI
#100DaysOfCode #MachineLearning #Airdrop
#CloudComputing #Analytics #Serverless  
#cybersecurity #ArtificialIntelligence  #DataScience #5G    #innovation #drones #robotics #SocialMedia #engineering https://t.co/vu9BTPuudF",Innovat78455398,1364001140853985282,"['outdoor', 'concert', 'DEVCommunity', 'Programming', 'IoT', 'AI', '100DaysOfCode', 'MachineLearning', 'Airdrop', 'CloudComputing', 'Analytics', 'Serverless', 'cybersecurity', 'ArtificialIntelligence', 'DataScience', '5G', 'innovation', 'drones', 'robotics', 'SocialMedia', 'engineering']",2021-02-22 23:56:28+08:00,13,5,no images,['https://t.co/vu9BTPuudF']
12,"This is what wheel gun for #Formular1. #DEVCommunity #Programming #IoT #IoTPL #AI
#100DaysOfCode #MachineLearning #Airdrop
#CloudComputing #Analytics #Serverless  
#cybersecurity #ArtificialIntelligence  #DataScience #5G    #innovation #drones #Emergency #robotics #SocialMedia https://t.co/Dn6PKI6wqn",Innovat78455398,1364001553523253250,"['Formular1', 'DEVCommunity', 'Programming', 'IoT', 'IoTPL', 'AI', '100DaysOfCode', 'MachineLearning', 'Airdrop', 'CloudComputing', 'Analytics', 'Serverless', 'cybersecurity', 'ArtificialIntelligence', 'DataScience', '5G', 'innovation', 'drones', 'Emergency', 'robotics', 'SocialMedia']",2021-02-22 23:58:06+08:00,13,4,no images,['https://t.co/Dn6PKI6wqn']
13,RDBMS Concepts for Data Science Aspirants https://t.co/xTctO9YsA6  #machinelearning #ad,machinelearnflx,1363274153315491843,"['machinelearning', 'ad']",2021-02-20 23:47:41+08:00,12,9,no images,['https://t.co/xTctO9YsA6']
14,"Most common learning scenarios in Machine Learning-

üëâSupervised 
üëâUnsupervised
üëâSemi-supervised
üëâTransductive inference
üëâOn-line
üëâReinforcement 
üëâActive

What did I miss?ü§î

Happy Coding‚ù§Ô∏è

#coding #love #MachineLearning #javascript #100DaysOfCode #Python #DataScience #ai",last_crusaderr,1364103041914261504,"['coding', 'love', 'MachineLearning', 'javascript', '100DaysOfCode', 'Python', 'DataScience', 'ai']",2021-02-23 06:41:23+08:00,11,6,no images,[]
15,How Important Is Data Quality In Machine Learning? #MachineLearning #learning  https://t.co/rca3DQeYMj,neuzida,1363275520461451265,"['MachineLearning', 'learning']",2021-02-20 23:53:07+08:00,11,3,no images,['https://t.co/rca3DQeYMj']
16,"Rick speaks the truthüòÇ
#code #coding #javascript #python #datascience #programming #programmer  #100daysofcode #webdev #webdevelopment #php #linux #css #programmingmemes #codinglife #codingpics #programmingjokes #java #ide #machinelearning #AI #virtualreality #rickandmorty https://t.co/dAkj8b5Hlu",anoushk77,1364102445903806467,"['code', 'coding', 'javascript', 'python', 'datascience', 'programming', 'programmer', '100daysofcode', 'webdev', 'webdevelopment', 'php', 'linux', 'css', 'programmingmemes', 'codinglife', 'codingpics', 'programmingjokes', 'java', 'ide', 'machinelearning', 'AI', 'virtualreality', 'rickandmorty']",2021-02-23 06:39:01+08:00,10,8,['http://pbs.twimg.com/media/Eu5D8dlXUAUKV6V.jpg'],['https://t.co/dAkj8b5Hlu']
17,"From Text to Knowledge: The Information Extraction Pipeline.

https://t.co/1KHh7SVQ3q‚Ä¶

#MachineLearning #Python #IoT #flutter #100DaysOfMLCode #AI #javascript #womenwhocode #RStats #Serverless #CodeNewbie #DataScience #100DaysOfCode https://t.co/tanSnqZFY5",New081082,1364104244307980293,"['MachineLearning', 'Python', 'IoT', 'flutter', '100DaysOfMLCode', 'AI', 'javascript', 'womenwhocode', 'RStats', 'Serverless', 'CodeNewbie', 'DataScience', '100DaysOfCode']",2021-02-23 06:46:10+08:00,9,4,no images,"['https://t.co/1KHh7SVQ3q‚Ä¶', 'https://t.co/tanSnqZFY5']"
18,The Morning After: Big tech may face antitrust lawsuits from the DOJ: #BigData #MachineLearning #AI #IoT MT @Mikequindazzi https://t.co/DcA5MB88dS https://t.co/s6EPsCAoWD,AremDzemal,1363276943324557314,"['BigData', 'MachineLearning', 'AI', 'IoT']",2021-02-20 23:58:46+08:00,8,10,['http://pbs.twimg.com/media/EutVGJRWQAEjty6.jpg'],"['https://t.co/DcA5MB88dS', 'https://t.co/s6EPsCAoWD']"
19,You need to pay my work payment. Send my last work amount of $450. This is ridiculous you didn't pay me last two months.#100daysofcodechallenge  #Machinelearning #IoT #100DaysOfMLCode #Python #javascript #Nodejs #Serverless #womenwhocode #cybersecurity #jobs #dev #CodeNewbie https://t.co/YNgN8prGsN,DeveloperShakil,1361827583143284740,"['100daysofcodechallenge', 'Machinelearning', 'IoT', '100DaysOfMLCode', 'Python', 'javascript', 'Nodejs', 'Serverless', 'womenwhocode', 'cybersecurity', 'jobs', 'dev', 'CodeNewbie']",2021-02-16 23:59:32+08:00,8,3,no images,['https://t.co/YNgN8prGsN']
20,"#Ladybug by #drawing looks real in a box. #DEVCommunity #Programming #IoT #IoTPL #AI
#100DaysOfCode #MachineLearning #Airdrop
#CloudComputing #Analytics #Serverless  
#cybersecurity #ArtificialIntelligence  #DataScience #5G    #innovation #Science #futureofwork #Pencildrawing https://t.co/vwTsACSYqN",Innovat78455398,1361826953507045376,"['Ladybug', 'drawing', 'DEVCommunity', 'Programming', 'IoT', 'IoTPL', 'AI', '100DaysOfCode', 'MachineLearning', 'Airdrop', 'CloudComputing', 'Analytics', 'Serverless', 'cybersecurity', 'ArtificialIntelligence', 'DataScience', '5G', 'innovation', 'Science', 'futureofwork', 'Pencildrawing']",2021-02-16 23:57:01+08:00,8,3,no images,['https://t.co/vwTsACSYqN']
21,Nice presentation by Bruno @chemistryatuvic #GSRD on the application of #Raman spectroscopy and #MachineLearning to identify different types of carbon. Supported by partnership with Epic Ventures @MitacsCanada and OSHTECH (https://t.co/glrlaxmicr) @NSERC_CRSNG https://t.co/F5O77gp4lD,agbrolo,1362189144240234497,"['GSRD', 'Raman', 'MachineLearning']",2021-02-17 23:56:14+08:00,7,29,['http://pbs.twimg.com/media/EudorDQWYAAH4cT.jpg'],"['https://t.co/glrlaxmicr)', 'https://t.co/F5O77gp4lD']"
22,"Does your cat play hide and seek? This @hacksterio project details how to use ESP32s, @Raspberry_Pi, BLE Beacons, and #machinelearning to track pets to any room of the house. https://t.co/fAMO3sRDVo https://t.co/VQ6HtkRi3X",Avnet,1362550220773597192,['machinelearning'],2021-02-18 23:51:02+08:00,7,7,['http://pbs.twimg.com/media/EujANEPXMAANwAB.jpg'],"['https://t.co/fAMO3sRDVo', 'https://t.co/VQ6HtkRi3X']"
23,"Why are multiple leading enterprises transitioning to service orchestration and automation platforms? Sign up for our latest webinar to learn more about this Top 2021 IT Trend: https://t.co/DImAecGccv

#machinelearning #bigdata #programming #computing #STEM #IT https://t.co/LL8VuFMSho",ComputerSociety,1363638638647644161,"['machinelearning', 'bigdata', 'programming', 'computing', 'STEM', 'IT']",2021-02-21 23:56:01+08:00,7,5,['http://pbs.twimg.com/media/EuyeHVlWYAIm4SC.jpg'],"['https://t.co/DImAecGccv', 'https://t.co/LL8VuFMSho']"
24,".@coinbase is hiring: Staff Software Engineer, Machine Learning Platform #RemoteWork üá∫üá∏ #machinelearning #remote #ml https://t.co/JAAFV58fOs",jobhunt_ai,1362910341034897408,"['RemoteWork', 'machinelearning', 'remote', 'ml']",2021-02-19 23:42:01+08:00,7,3,no images,['https://t.co/JAAFV58fOs']
25,AWS Certified Big Data - Speciality Certification https://t.co/222ZmV560U  #machinelearning #ad,machinelearnflx,1362551730467176449,"['machinelearning', 'ad']",2021-02-18 23:57:02+08:00,6,5,no images,['https://t.co/222ZmV560U']
26,"Machine Learning For Absolute Beginners: A Plain English Introduction

Link - https://t.co/3vAZLZC99Y

#MachineLearning #100DaysOfCode #CodeNewbies #WomenWhoCode #DEVCommunity #DevOps #SoftwareEngineering #DeepLearning #DataScience #ArtificialIntelligence #programming",rasangarocks,1364103192217219073,"['MachineLearning', '100DaysOfCode', 'CodeNewbies', 'WomenWhoCode', 'DEVCommunity', 'DevOps', 'SoftwareEngineering', 'DeepLearning', 'DataScience', 'ArtificialIntelligence', 'programming']",2021-02-23 06:41:59+08:00,6,3,no images,['https://t.co/3vAZLZC99Y']
27,Cannot find enough workers for your fruit farm? These autonomous drones can pick fruits for you! #ArtificialIntelligence #AI #startup #tech #Robots #farmtech #VIKEZ #fruits #MachineLearning #drones #startups #fruitfarm #Agriculture #innovation https://t.co/oMnNNVi9UE,iamBrianGraham,1363274822944456707,"['ArtificialIntelligence', 'AI', 'startup', 'tech', 'Robots', 'farmtech', 'VIKEZ', 'fruits', 'MachineLearning', 'drones', 'startups', 'fruitfarm', 'Agriculture', 'innovation']",2021-02-20 23:50:20+08:00,5,4,['http://pbs.twimg.com/ext_tw_video_thumb/1363274754992570369/pu/img/Y7CQ9Vo8iDDGkAo4.jpg'],['https://t.co/oMnNNVi9UE']
28,Too little data ? FRP researchers come together at workshop to address this problem in #MachineLearning | Rafik Hariri Institute for Computing and Computational Science &amp; Engineering  https://t.co/LTDNKMH3qS H/T: @BU_Computing,saqibali_ca,1362550890863886344,['MachineLearning'],2021-02-18 23:53:42+08:00,5,4,no images,['https://t.co/LTDNKMH3qS']
29,"#AI will be taking out the more mundane tasks. With implementing effective training to allow #employees to bring out their hidden skills that can't be replaced by AI.
https://t.co/QaBTk0tEqs
#DataScience #DataAnalytics #DigitalTransformation #tech #DeepLearning #MachineLearning https://t.co/dQP2zKGdG3",SadiqAlesia,1362549976560259072,"['AI', 'employees', 'DataScience', 'DataAnalytics', 'DigitalTransformation', 'tech', 'DeepLearning', 'MachineLearning']",2021-02-18 23:50:04+08:00,5,4,['http://pbs.twimg.com/media/Eui_-NDXUAA-bKu.jpg'],"['https://t.co/QaBTk0tEqs', 'https://t.co/dQP2zKGdG3']"
30,"It‚Äôs a golden opportunity to ask James (our CEO) your questions on the topic of decision #automation! Tune in to IBMExpertTV next Friday am for the new LIVE series. More details here: 
https://t.co/kw8JPZnMvd
#ai #machinelearning #decisionmgt #ibmchampion #artificialintelligence https://t.co/M5kb9Wi1Xh",decisionmgt,1362551499281338371,"['automation', 'ai', 'machinelearning', 'decisionmgt', 'ibmchampion', 'artificialintelligence']",2021-02-18 23:56:07+08:00,5,3,['http://pbs.twimg.com/media/EujBXkBXAAQH8hB.jpg'],"['https://t.co/kw8JPZnMvd', 'https://t.co/M5kb9Wi1Xh']"
31,"#futuristic #3D display screen.  #DEVCommunity #Programming #IoT #IoTPL #AI
#100DaysOfCode #MachineLearning #Airdrop
#CloudComputing #Analytics #Serverless  
#cybersecurity #ArtificialIntelligence  #DataScience #5G    #innovation #Science #futureofwork #apps #ecommerce https://t.co/5M81pEEvhd",Innovat78455398,1361826199840821250,"['futuristic', '3D', 'DEVCommunity', 'Programming', 'IoT', 'IoTPL', 'AI', '100DaysOfCode', 'MachineLearning', 'Airdrop', 'CloudComputing', 'Analytics', 'Serverless', 'cybersecurity', 'ArtificialIntelligence', 'DataScience', '5G', 'innovation', 'Science', 'futureofwork', 'apps', 'ecommerce']",2021-02-16 23:54:02+08:00,5,1,no images,['https://t.co/5M81pEEvhd']
32,"Self solved Rubik's Cube! 

#AI #MachineLearning #IoT @Rubiks_Official

@SpirosMargaris @PawlowskiMario
@mvollmer1 @Fabriziobustama @gvalan @ipfconline1 @ShiCooks @helene_wpli @diioannid @Ym78200 @kalydeoo @Nicochan33 @3itcom @sallyeaves @DeepLearn007 
https://t.co/YBuwiR8nto",jblefevre60,1364102146879332355,"['AI', 'MachineLearning', 'IoT']",2021-02-23 06:37:50+08:00,4,7,['http://pbs.twimg.com/ext_tw_video_thumb/1273134706482126848/pu/img/ZoYr0NcX6aph2pqC.jpg'],['https://t.co/YBuwiR8nto']
33,"the guilder cross beside envelope 
.
.
.
 #landscape #aiart #machinelearning #postpainting #computervision #creativecoding #art #painting #contemporaryart #artificialintelligence #coding #artTechnology https://t.co/bxUurCNFuQ",HeliodoroSantos,1361825554467483650,"['landscape', 'aiart', 'machinelearning', 'postpainting', 'computervision', 'creativecoding', 'art', 'painting', 'contemporaryart', 'artificialintelligence', 'coding', 'artTechnology']",2021-02-16 23:51:28+08:00,4,7,['http://pbs.twimg.com/media/EuYtH6TVIAE_add.jpg'],['https://t.co/bxUurCNFuQ']
34,"The Task Force on Rebooting Computing (TFRC), housed within #IEEECS, is the new home for the #IEEE Rebooting #Computing Initiative! Get information on all resources, and how to join the TFRC:  https://t.co/lgH28C0JAR

#Machinelearning #programming #computers #ai https://t.co/BWGCP6oj2U",ComputerSociety,1363638890737922049,"['IEEECS', 'IEEE', 'Computing', 'Machinelearning', 'programming', 'computers', 'ai']",2021-02-21 23:57:01+08:00,4,6,['http://pbs.twimg.com/media/EuyeV_bXcAA1PVm.jpg'],"['https://t.co/lgH28C0JAR', 'https://t.co/BWGCP6oj2U']"
35,"The technologies that fuel #AI in real-time deterministic control systems are becoming less expensive, more reliable, &amp; more accessible for a wide range of industry use cases. View my recent discussion with @arc_advisory here: https://t.co/c81qje5gGA #IamIntel #MachineLearning https://t.co/QHzXjpOL6M",Brian_McCarson,1362551091846516741,"['AI', 'IamIntel', 'MachineLearning']",2021-02-18 23:54:29+08:00,4,6,['http://pbs.twimg.com/ext_tw_video_thumb/1362551057901969410/pu/img/nM61tEF3-bQN7roH.jpg'],"['https://t.co/c81qje5gGA', 'https://t.co/QHzXjpOL6M']"
36,"Reaction test before #formular1 #race. #DEVCommunity #Programming #IoT #IoTPL #AI
#100DaysOfCode #MachineLearning #Airdrop
#CloudComputing #Analytics #Serverless  
#cybersecurity #ArtificialIntelligence  #DataScience #5G    #innovation #Science #futureofwork #motorrace https://t.co/jiAabWdw76",Innovat78455398,1361825613955231752,"['formular1', 'race', 'DEVCommunity', 'Programming', 'IoT', 'IoTPL', 'AI', '100DaysOfCode', 'MachineLearning', 'Airdrop', 'CloudComputing', 'Analytics', 'Serverless', 'cybersecurity', 'ArtificialIntelligence', 'DataScience', '5G', 'innovation', 'Science', 'futureofwork', 'motorrace']",2021-02-16 23:51:42+08:00,4,4,no images,['https://t.co/jiAabWdw76']
58,"Main Types of Neural Networks Tutorial ‚Üí https://t.co/DXdvKViJ6I via @Towards_AI
#NeuralNetworks #Tutorial #machinelearning #ml #deeplearning #ai #artificialintelligence",stanford__ai,1361825262204301312,"['NeuralNetworks', 'Tutorial', 'machinelearning', 'ml', 'deeplearning', 'ai', 'artificialintelligence']",2021-02-16 23:50:18+08:00,4,3,no images,['https://t.co/DXdvKViJ6I']
37,"How Mind Katalyst uses #IOT, #ArtificialIntelligence, #VirtualReality, #Automation, #MachineLearning, and other #technology in groundbreaking projects. https://t.co/rp19cpCf4y",Vision33_eGov,1363273225698959362,"['IOT', 'ArtificialIntelligence', 'VirtualReality', 'Automation', 'MachineLearning', 'technology']",2021-02-20 23:44:00+08:00,4,1,no images,['https://t.co/rp19cpCf4y']
38,Delivery #Robots- How ... - https://t.co/KOCdMFoLzH #UIX #ArtificialIntelligence #Automation #AutonomousRobot #China #DeliveryRobot #DeliveryRobotFail #DeliveryRobotGetsStuck #DeliveryRobotHotel #DeliveryRobotStuck #Hardware #LastMileDelivery #MachineLearning #Maker #NaomiWu https://t.co/M9rk7a4k9Y,SeketAanru,1363272888418258945,"['Robots', 'UIX', 'ArtificialIntelligence', 'Automation', 'AutonomousRobot', 'China', 'DeliveryRobot', 'DeliveryRobotFail', 'DeliveryRobotGetsStuck', 'DeliveryRobotHotel', 'DeliveryRobotStuck', 'Hardware', 'LastMileDelivery', 'MachineLearning', 'Maker', 'NaomiWu']",2021-02-20 23:42:39+08:00,4,1,['http://pbs.twimg.com/media/EutRd56WQAE_pgq.jpg'],"['https://t.co/KOCdMFoLzH', 'https://t.co/M9rk7a4k9Y']"
39,TENSORFLOW | READ YOUR OWN HANDWRITTEN DIGIT: https://t.co/PJHRUZq53k | A video walkthrough of building a Tensorflow application to read your handwritten digit. #tensorflow #ai #artificialintelligence #neuralnetwork #neurons #machinelearning #deeplearning #mnist,cudaeducation,1362911881023873024,"['tensorflow', 'ai', 'artificialintelligence', 'neuralnetwork', 'neurons', 'machinelearning', 'deeplearning', 'mnist']",2021-02-19 23:48:08+08:00,4,1,no images,['https://t.co/PJHRUZq53k']
40,"Thanks for the making the tutorial data versioning and reproducibility for using DVC @native_stack!  We ‚ù§Ô∏è it! üôåüèº
#MLOps #DataOps #MachineLearning https://t.co/SNFd62xzZy",DVCorg,1363999729143607298,"['MLOps', 'DataOps', 'MachineLearning']",2021-02-22 23:50:51+08:00,3,3,no images,['https://t.co/SNFd62xzZy']
41,Maybe it's time to reconsider calling it applied #machinelearning instead of #artificialintelligence. https://t.co/wncr2MxoP0,dvuong,1363639250353229827,"['machinelearning', 'artificialintelligence']",2021-02-21 23:58:27+08:00,3,2,no images,['https://t.co/wncr2MxoP0']
42,improved communication reduces silos. #NationalLoveYourPetDay #PatronMargarita #Entrepreneur #environment #finance #MachineLearning #innovation #quotes #ArtificialIntelligence #Analytics #StartUp #technology #socialmedia #AI #BREAKING #CountdownToMars #dogearmy #Ethereum,SenorChavezU,1364001630555791363,"['NationalLoveYourPetDay', 'PatronMargarita', 'Entrepreneur', 'environment', 'finance', 'MachineLearning', 'innovation', 'quotes', 'ArtificialIntelligence', 'Analytics', 'StartUp', 'technology', 'socialmedia', 'AI', 'BREAKING', 'CountdownToMars', 'dogearmy', 'Ethereum']",2021-02-22 23:58:25+08:00,3,1,no images,[]
43,The Importance of Teaching #MachineLearning | @Columbia School of Professional Studies  https://t.co/OtMB5BWWqZ H/T: @frlazzeri,saqibali_ca,1362913274610601986,['MachineLearning'],2021-02-19 23:53:41+08:00,3,1,no images,['https://t.co/OtMB5BWWqZ']
44,Global Big Data Conference #ArtificialIntelligence #learning #machinelearning  https://t.co/xcz5aMdL3g,hashem25,1361825555398733824,"['ArtificialIntelligence', 'learning', 'machinelearning']",2021-02-16 23:51:28+08:00,3,1,no images,['https://t.co/xcz5aMdL3g']
45,"One Pill Makes You Larger

#NFT #NFTs #art #digitalart #crypto #cryptoart #aliceinwonderland #disney #stylegan #machinelearning #generativeart #trippy https://t.co/Fv1Mf3HXrj",SquidGAN,1362550595320750080,"['NFT', 'NFTs', 'art', 'digitalart', 'crypto', 'cryptoart', 'aliceinwonderland', 'disney', 'stylegan', 'machinelearning', 'generativeart', 'trippy']",2021-02-18 23:52:31+08:00,2,6,['http://pbs.twimg.com/ext_tw_video_thumb/1362550573812355073/pu/img/g-8x9L5fNFVSqMsA.jpg'],['https://t.co/Fv1Mf3HXrj']
46,Salesforce to IBM Watson Machine Learning Integration https://t.co/CGJsh6NpTb  #MachineLearning,machinelearnflx,1364103352741752833,['MachineLearning'],2021-02-23 06:42:37+08:00,2,2,no images,['https://t.co/CGJsh6NpTb']
47,"Winning probability:
Botic Van De Zandschulp 69.0%
Arthur Rinderknech 31.0%
‚†Ä
#MachineLearning previews
More info and matchups:
‚†Ä
https://t.co/nvGxLPewuz
https://t.co/2n1hMTQQD6
‚†Ä
‚†Ä#MontpellierQ #federer #picks #bettingadvice #williamhill https://t.co/yr1Z0wwtlD",carlosTenisATP,1363273083432423426,"['MachineLearning', 'MontpellierQ', 'federer', 'picks', 'bettingadvice', 'williamhill']",2021-02-20 23:43:26+08:00,2,2,['http://pbs.twimg.com/media/EutRpUCXUAMCtDb.jpg'],"['https://t.co/nvGxLPewuz', 'https://t.co/2n1hMTQQD6', 'https://t.co/yr1Z0wwtlD']"
48,"Many companies are talking the talk but not walking the walk when it comes to #ArtificialIntelligence, #MachineLearning, #automation, and other #EnterpriseTech. Find out why in our #podcast. https://t.co/r92r6qXk30",vision33_SAP,1362551217373732865,"['ArtificialIntelligence', 'MachineLearning', 'automation', 'EnterpriseTech', 'podcast']",2021-02-18 23:54:59+08:00,2,2,no images,['https://t.co/r92r6qXk30']
49,#MachineLearning: so easy I can do it. #kaggle - https://t.co/vgLot6ZjOd,tunguz,1364000827480899585,"['MachineLearning', 'kaggle']",2021-02-22 23:55:13+08:00,2,1,no images,['https://t.co/vgLot6ZjOd']
50,"The clips on the right are AI generated from raw audio. The AI extrated notes from raw audio and generated the appropriate playing technique, hand and body motion #MetaHumans #MachineLearning #AI https://t.co/DhCvKeGO51",iamBrianGraham,1364000772648816640,"['MetaHumans', 'MachineLearning', 'AI']",2021-02-22 23:55:00+08:00,2,1,['http://pbs.twimg.com/ext_tw_video_thumb/1364000535171518472/pu/img/MwxgXz59aDkkb_RB.jpg'],['https://t.co/DhCvKeGO51']
51,"Machine Learning and Its Algorithms to Know ‚Äì MLAlgos
https://t.co/lcZpVtEHz4

#ML #MachineLearning #MLBasics #technology #Software #SupervisedLearning #UnsupervisedLearning #ReinforcementLearning #SemisupervisedLearning #DataScience #Data #technology https://t.co/F6hcfpJd8s",QS2Point,1362910850982510595,"['ML', 'MachineLearning', 'MLBasics', 'technology', 'Software', 'SupervisedLearning', 'UnsupervisedLearning', 'ReinforcementLearning', 'SemisupervisedLearning', 'DataScience', 'Data', 'technology']",2021-02-19 23:44:03+08:00,2,1,['http://pbs.twimg.com/media/EuoIMfBXMAAAhIi.png'],"['https://t.co/lcZpVtEHz4', 'https://t.co/F6hcfpJd8s']"
52,"Read: @JaguarRacing partnered with @MicroFocus, before lights go green on season 7 of ABB @FIAFormulaE World Championship. #Vertica #AdvancedAnalytics. #MachineLearning help deliver on High Tech, Low Drama.  https://t.co/E881tOmwid #TeamVertica https://t.co/7OqIlwwXKD",cobolmf,1362551594018045952,"['Vertica', 'AdvancedAnalytics', 'MachineLearning', 'TeamVertica']",2021-02-18 23:56:29+08:00,2,1,['http://pbs.twimg.com/media/EujBdDkXEAAlgLt.jpg'],"['https://t.co/E881tOmwid', 'https://t.co/7OqIlwwXKD']"
53,Using artificial intelligence to make publishing profitable. #ArtificialIntelligence #learning #machinelearning via https://t.co/bDTgBUIWtG https://t.co/rSuZj8X1oH,sajidmirza,1362187611478065152,"['ArtificialIntelligence', 'learning', 'machinelearning']",2021-02-17 23:50:09+08:00,2,1,no images,"['https://t.co/bDTgBUIWtG', 'https://t.co/rSuZj8X1oH']"
54,"Intuitively Assessing ML Model Reliability through Example-Based Explanations and Editing Model Inputs
https://t.co/s709EHoD0S
by Harini Suresh et al.
#MachineLearning #ComputerScience",arXiv_Daily,1363270353254969349,"['MachineLearning', 'ComputerScience']",2021-02-20 23:32:35+08:00,1,7,no images,['https://t.co/s709EHoD0S']
55,"Two neural networks walk into a church... ‚õ™Ô∏è

#NFT #NFTs #CryptoArt #ETH #Crypto #GAN #StyleGAN #machinelearning #ArtificialIntelligence https://t.co/nA7KJJXSnS",nodradek,1362910392574488582,"['NFT', 'NFTs', 'CryptoArt', 'ETH', 'Crypto', 'GAN', 'StyleGAN', 'machinelearning', 'ArtificialIntelligence']",2021-02-19 23:42:13+08:00,1,4,['http://pbs.twimg.com/media/EuoHlkqWYAgcH8C.jpg'],['https://t.co/nA7KJJXSnS']
56,Streaming Big Data with Spark Streaming &amp; Scala - Hands On! https://t.co/TCJ0uTl6jo  #machinelearning #ad,machinelearnflx,1363999855362859009,"['machinelearning', 'ad']",2021-02-22 23:51:22+08:00,1,3,no images,['https://t.co/TCJ0uTl6jo']
57,Highly useful #machinelearning (ML) notebook showing how to use ML for personalization. https://t.co/Pa0t65Ar0Q,heidimiller,1361825806519967744,['machinelearning'],2021-02-16 23:52:28+08:00,1,2,no images,['https://t.co/Pa0t65Ar0Q']
